,sms1,sms2
0,Em co dich vu gui tin nhan SMS rao tin BDS den 20.000 so dt Khach Hang Tiem Nang dang giao dich BDS tai HCM va lan can trong 3 thang gan nhat. ,Anh chi lien he em khi can gui SMS tu dong rao tin BDS: 0348009350. Phi dich vu 100 vnd/tin a!
1,Em co 20.000 so dt Khach Hang Tiem Nang dang giao dich BDS tai HCM va lan can trong 3 thang gan nhat. ,Anh chi lien he em khi can gui SMS tu dong rao tin BDS: 0348009350. Phi dich vu 100 vnd/tin a!
2,Duy nhat ben em co Danh sach 20.000 so dt Khach Hang Tiem Nang dang giao dich BDS tai HCM va lan can trong 3 thang gan nhat. ,Anh chi lien he em khi can gui SMS tu dong rao tin BDS: 0348009350. Phi dich vu 100 vnd/tin a!
3,"Danh sach 20.000 so dt Khach Hang Tiem Nang dang giao dich BDS tai HCM va lan can trong 3 thang gan nhat, chi duy nhat ben em co! ",Anh chi lien he em khi can gui SMS tu dong rao tin BDS: 0348009350. Phi dich vu 100 vnd/tin a!
4,Em co dich vu gui tin nhan SMS rao tin BDS den 20.000 so dt Khach Hang Tiem Nang dang giao dich BDS tai HCM va lan can trong 3 thang gan nhat. ,"Neu anh chi can gui tin nhan SMS rao tin BDS den danh sach nay, hay lien he em nhe 0348009350. Phi dich vu 100 vnd/tin a!"
5,Em co 20.000 so dt Khach Hang Tiem Nang dang giao dich BDS tai HCM va lan can trong 3 thang gan nhat. ,"Neu anh chi can gui tin nhan SMS rao tin BDS den danh sach nay, hay lien he em nhe 0348009350. Phi dich vu 100 vnd/tin a!"
6,Duy nhat ben em co Danh sach 20.000 so dt Khach Hang Tiem Nang dang giao dich BDS tai HCM va lan can trong 3 thang gan nhat. ,"Neu anh chi can gui tin nhan SMS rao tin BDS den danh sach nay, hay lien he em nhe 0348009350. Phi dich vu 100 vnd/tin a!"
7,"Danh sach 20.000 so dt Khach Hang Tiem Nang dang giao dich BDS tai HCM va lan can trong 3 thang gan nhat, chi duy nhat ben em co! ","Neu anh chi can gui tin nhan SMS rao tin BDS den danh sach nay, hay lien he em nhe 0348009350. Phi dich vu 100 vnd/tin a!"
8,Em co dich vu gui tin nhan SMS rao tin BDS den 20.000 so dt Khach Hang Tiem Nang dang giao dich BDS tai HCM va lan can trong 3 thang gan nhat. ,Anh chi LH em nhe: 0348009350. Em se gui tin SMS tu dong den danh sach nay de rao tin BDS cho anh chi. Phi dich vu 100 vnd/tin a!
9,Em co 20.000 so dt Khach Hang Tiem Nang dang giao dich BDS tai HCM va lan can trong 3 thang gan nhat. ,Anh chi LH em nhe: 0348009350. Em se gui tin SMS tu dong den danh sach nay de rao tin BDS cho anh chi. Phi dich vu 100 vnd/tin a!
10,Duy nhat ben em co Danh sach 20.000 so dt Khach Hang Tiem Nang dang giao dich BDS tai HCM va lan can trong 3 thang gan nhat. ,Anh chi LH em nhe: 0348009350. Em se gui tin SMS tu dong den danh sach nay de rao tin BDS cho anh chi. Phi dich vu 100 vnd/tin a!
11,"Danh sach 20.000 so dt Khach Hang Tiem Nang dang giao dich BDS tai HCM va lan can trong 3 thang gan nhat, chi duy nhat ben em co! ",Anh chi LH em nhe: 0348009350. Em se gui tin SMS tu dong den danh sach nay de rao tin BDS cho anh chi. Phi dich vu 100 vnd/tin a!
12,Em co dich vu gui tin nhan SMS rao tin BDS den 20.000 so dt Khach Hang Tiem Nang dang giao dich BDS tai HCM va lan can trong 3 thang gan nhat. ,"So dt cua em: 0348009350, khi can gui tin SMS tu dong den danh sach nay, anh chi lien he em nhe. Phi dich vu 100 vnd/tin a!"
13,Em co 20.000 so dt Khach Hang Tiem Nang dang giao dich BDS tai HCM va lan can trong 3 thang gan nhat. ,"So dt cua em: 0348009350, khi can gui tin SMS tu dong den danh sach nay, anh chi lien he em nhe. Phi dich vu 100 vnd/tin a!"
14,Duy nhat ben em co Danh sach 20.000 so dt Khach Hang Tiem Nang dang giao dich BDS tai HCM va lan can trong 3 thang gan nhat. ,"So dt cua em: 0348009350, khi can gui tin SMS tu dong den danh sach nay, anh chi lien he em nhe. Phi dich vu 100 vnd/tin a!"
15,"Danh sach 20.000 so dt Khach Hang Tiem Nang dang giao dich BDS tai HCM va lan can trong 3 thang gan nhat, chi duy nhat ben em co! ","So dt cua em: 0348009350, khi can gui tin SMS tu dong den danh sach nay, anh chi lien he em nhe. Phi dich vu 100 vnd/tin a!"
16,Em co dich vu gui tin nhan SMS rao tin BDS den 20.000 so dt Khach Hang Tiem Nang dang giao dich BDS tai HCM va lan can trong 3 thang gan nhat. ,Anh chi lien he em khi can gui SMS tu dong rao tin BDS: 0348009350. Gia re 100 d/tin a!
17,Em co 20.000 so dt Khach Hang Tiem Nang dang giao dich BDS tai HCM va lan can trong 3 thang gan nhat. ,Anh chi lien he em khi can gui SMS tu dong rao tin BDS: 0348009350. Gia re 100 d/tin a!
18,Duy nhat ben em co Danh sach 20.000 so dt Khach Hang Tiem Nang dang giao dich BDS tai HCM va lan can trong 3 thang gan nhat. ,Anh chi lien he em khi can gui SMS tu dong rao tin BDS: 0348009350. Gia re 100 d/tin a!
19,"Danh sach 20.000 so dt Khach Hang Tiem Nang dang giao dich BDS tai HCM va lan can trong 3 thang gan nhat, chi duy nhat ben em co! ",Anh chi lien he em khi can gui SMS tu dong rao tin BDS: 0348009350. Gia re 100 d/tin a!
20,Em co dich vu gui tin nhan SMS rao tin BDS den 20.000 so dt Khach Hang Tiem Nang dang giao dich BDS tai HCM va lan can trong 3 thang gan nhat. ,"Neu anh chi can gui tin nhan SMS rao tin BDS den danh sach nay, hay lien he em nhe 0348009350. Gia re 100 d/tin a!"
21,Em co 20.000 so dt Khach Hang Tiem Nang dang giao dich BDS tai HCM va lan can trong 3 thang gan nhat. ,"Neu anh chi can gui tin nhan SMS rao tin BDS den danh sach nay, hay lien he em nhe 0348009350. Gia re 100 d/tin a!"
22,Duy nhat ben em co Danh sach 20.000 so dt Khach Hang Tiem Nang dang giao dich BDS tai HCM va lan can trong 3 thang gan nhat. ,"Neu anh chi can gui tin nhan SMS rao tin BDS den danh sach nay, hay lien he em nhe 0348009350. Gia re 100 d/tin a!"
23,"Danh sach 20.000 so dt Khach Hang Tiem Nang dang giao dich BDS tai HCM va lan can trong 3 thang gan nhat, chi duy nhat ben em co! ","Neu anh chi can gui tin nhan SMS rao tin BDS den danh sach nay, hay lien he em nhe 0348009350. Gia re 100 d/tin a!"
24,Em co dich vu gui tin nhan SMS rao tin BDS den 20.000 so dt Khach Hang Tiem Nang dang giao dich BDS tai HCM va lan can trong 3 thang gan nhat. ,Anh chi LH em nhe: 0348009350. Em se gui tin SMS tu dong den danh sach nay de rao tin BDS cho anh chi. Gia re 100 d/tin a!
25,Em co 20.000 so dt Khach Hang Tiem Nang dang giao dich BDS tai HCM va lan can trong 3 thang gan nhat. ,Anh chi LH em nhe: 0348009350. Em se gui tin SMS tu dong den danh sach nay de rao tin BDS cho anh chi. Gia re 100 d/tin a!
26,Duy nhat ben em co Danh sach 20.000 so dt Khach Hang Tiem Nang dang giao dich BDS tai HCM va lan can trong 3 thang gan nhat. ,Anh chi LH em nhe: 0348009350. Em se gui tin SMS tu dong den danh sach nay de rao tin BDS cho anh chi. Gia re 100 d/tin a!
27,"Danh sach 20.000 so dt Khach Hang Tiem Nang dang giao dich BDS tai HCM va lan can trong 3 thang gan nhat, chi duy nhat ben em co! ",Anh chi LH em nhe: 0348009350. Em se gui tin SMS tu dong den danh sach nay de rao tin BDS cho anh chi. Gia re 100 d/tin a!
28,Em co dich vu gui tin nhan SMS rao tin BDS den 20.000 so dt Khach Hang Tiem Nang dang giao dich BDS tai HCM va lan can trong 3 thang gan nhat. ,"So dt cua em: 0348009350, khi can gui tin SMS tu dong den danh sach nay, anh chi lien he em nhe. Gia re 100 d/tin a!"
29,Em co 20.000 so dt Khach Hang Tiem Nang dang giao dich BDS tai HCM va lan can trong 3 thang gan nhat. ,"So dt cua em: 0348009350, khi can gui tin SMS tu dong den danh sach nay, anh chi lien he em nhe. Gia re 100 d/tin a!"
30,Duy nhat ben em co Danh sach 20.000 so dt Khach Hang Tiem Nang dang giao dich BDS tai HCM va lan can trong 3 thang gan nhat. ,"So dt cua em: 0348009350, khi can gui tin SMS tu dong den danh sach nay, anh chi lien he em nhe. Gia re 100 d/tin a!"
31,"Danh sach 20.000 so dt Khach Hang Tiem Nang dang giao dich BDS tai HCM va lan can trong 3 thang gan nhat, chi duy nhat ben em co! ","So dt cua em: 0348009350, khi can gui tin SMS tu dong den danh sach nay, anh chi lien he em nhe. Gia re 100 d/tin a!"
32,Em co dich vu gui tin nhan SMS rao tin BDS den 20.000 so dt Khach Hang Tiem Nang dang giao dich BDS tai HCM va lan can trong 3 thang gan nhat. ,Anh chi lien he em khi can gui SMS tu dong rao tin BDS: 0348009350. Chi co 100 dong/tin cho phi dich vu!
33,Em co 20.000 so dt Khach Hang Tiem Nang dang giao dich BDS tai HCM va lan can trong 3 thang gan nhat. ,Anh chi lien he em khi can gui SMS tu dong rao tin BDS: 0348009350. Chi co 100 dong/tin cho phi dich vu!
34,Duy nhat ben em co Danh sach 20.000 so dt Khach Hang Tiem Nang dang giao dich BDS tai HCM va lan can trong 3 thang gan nhat. ,Anh chi lien he em khi can gui SMS tu dong rao tin BDS: 0348009350. Chi co 100 dong/tin cho phi dich vu!
35,"Danh sach 20.000 so dt Khach Hang Tiem Nang dang giao dich BDS tai HCM va lan can trong 3 thang gan nhat, chi duy nhat ben em co! ",Anh chi lien he em khi can gui SMS tu dong rao tin BDS: 0348009350. Chi co 100 dong/tin cho phi dich vu!
36,Em co dich vu gui tin nhan SMS rao tin BDS den 20.000 so dt Khach Hang Tiem Nang dang giao dich BDS tai HCM va lan can trong 3 thang gan nhat. ,"Neu anh chi can gui tin nhan SMS rao tin BDS den danh sach nay, hay lien he em nhe 0348009350. Chi co 100 dong/tin cho phi dich vu!"
37,Em co 20.000 so dt Khach Hang Tiem Nang dang giao dich BDS tai HCM va lan can trong 3 thang gan nhat. ,"Neu anh chi can gui tin nhan SMS rao tin BDS den danh sach nay, hay lien he em nhe 0348009350. Chi co 100 dong/tin cho phi dich vu!"
38,Duy nhat ben em co Danh sach 20.000 so dt Khach Hang Tiem Nang dang giao dich BDS tai HCM va lan can trong 3 thang gan nhat. ,"Neu anh chi can gui tin nhan SMS rao tin BDS den danh sach nay, hay lien he em nhe 0348009350. Chi co 100 dong/tin cho phi dich vu!"
39,"Danh sach 20.000 so dt Khach Hang Tiem Nang dang giao dich BDS tai HCM va lan can trong 3 thang gan nhat, chi duy nhat ben em co! ","Neu anh chi can gui tin nhan SMS rao tin BDS den danh sach nay, hay lien he em nhe 0348009350. Chi co 100 dong/tin cho phi dich vu!"
40,Em co dich vu gui tin nhan SMS rao tin BDS den 20.000 so dt Khach Hang Tiem Nang dang giao dich BDS tai HCM va lan can trong 3 thang gan nhat. ,Anh chi LH em nhe: 0348009350. Em se gui tin SMS tu dong den danh sach nay de rao tin BDS cho anh chi. Chi co 100 dong/tin cho phi dich vu!
41,Em co 20.000 so dt Khach Hang Tiem Nang dang giao dich BDS tai HCM va lan can trong 3 thang gan nhat. ,Anh chi LH em nhe: 0348009350. Em se gui tin SMS tu dong den danh sach nay de rao tin BDS cho anh chi. Chi co 100 dong/tin cho phi dich vu!
42,Duy nhat ben em co Danh sach 20.000 so dt Khach Hang Tiem Nang dang giao dich BDS tai HCM va lan can trong 3 thang gan nhat. ,Anh chi LH em nhe: 0348009350. Em se gui tin SMS tu dong den danh sach nay de rao tin BDS cho anh chi. Chi co 100 dong/tin cho phi dich vu!
43,"Danh sach 20.000 so dt Khach Hang Tiem Nang dang giao dich BDS tai HCM va lan can trong 3 thang gan nhat, chi duy nhat ben em co! ",Anh chi LH em nhe: 0348009350. Em se gui tin SMS tu dong den danh sach nay de rao tin BDS cho anh chi. Chi co 100 dong/tin cho phi dich vu!
44,Em co dich vu gui tin nhan SMS rao tin BDS den 20.000 so dt Khach Hang Tiem Nang dang giao dich BDS tai HCM va lan can trong 3 thang gan nhat. ,"So dt cua em: 0348009350, khi can gui tin SMS tu dong den danh sach nay, anh chi lien he em nhe. Chi co 100 dong/tin cho phi dich vu!"
45,Em co 20.000 so dt Khach Hang Tiem Nang dang giao dich BDS tai HCM va lan can trong 3 thang gan nhat. ,"So dt cua em: 0348009350, khi can gui tin SMS tu dong den danh sach nay, anh chi lien he em nhe. Chi co 100 dong/tin cho phi dich vu!"
46,Duy nhat ben em co Danh sach 20.000 so dt Khach Hang Tiem Nang dang giao dich BDS tai HCM va lan can trong 3 thang gan nhat. ,"So dt cua em: 0348009350, khi can gui tin SMS tu dong den danh sach nay, anh chi lien he em nhe. Chi co 100 dong/tin cho phi dich vu!"
47,"Danh sach 20.000 so dt Khach Hang Tiem Nang dang giao dich BDS tai HCM va lan can trong 3 thang gan nhat, chi duy nhat ben em co! ","So dt cua em: 0348009350, khi can gui tin SMS tu dong den danh sach nay, anh chi lien he em nhe. Chi co 100 dong/tin cho phi dich vu!"
48,Em co dich vu gui tin nhan SMS rao tin BDS den 20.000 so dt Khach Hang Tiem Nang dang giao dich BDS tai HCM va lan can trong 3 thang gan nhat. ,Anh chi lien he em khi can gui SMS tu dong rao tin BDS: 0348009350. Phi dich vu 100d/tin a!
49,Em co 20.000 so dt Khach Hang Tiem Nang dang giao dich BDS tai HCM va lan can trong 3 thang gan nhat. ,Anh chi lien he em khi can gui SMS tu dong rao tin BDS: 0348009350. Phi dich vu 100d/tin a!
50,Duy nhat ben em co Danh sach 20.000 so dt Khach Hang Tiem Nang dang giao dich BDS tai HCM va lan can trong 3 thang gan nhat. ,Anh chi lien he em khi can gui SMS tu dong rao tin BDS: 0348009350. Phi dich vu 100d/tin a!
51,"Danh sach 20.000 so dt Khach Hang Tiem Nang dang giao dich BDS tai HCM va lan can trong 3 thang gan nhat, chi duy nhat ben em co! ",Anh chi lien he em khi can gui SMS tu dong rao tin BDS: 0348009350. Phi dich vu 100d/tin a!
52,Em co dich vu gui tin nhan SMS rao tin BDS den 20.000 so dt Khach Hang Tiem Nang dang giao dich BDS tai HCM va lan can trong 3 thang gan nhat. ,"Neu anh chi can gui tin nhan SMS rao tin BDS den danh sach nay, hay lien he em nhe 0348009350. Phi dich vu 100d/tin a!"
53,Em co 20.000 so dt Khach Hang Tiem Nang dang giao dich BDS tai HCM va lan can trong 3 thang gan nhat. ,"Neu anh chi can gui tin nhan SMS rao tin BDS den danh sach nay, hay lien he em nhe 0348009350. Phi dich vu 100d/tin a!"
54,Duy nhat ben em co Danh sach 20.000 so dt Khach Hang Tiem Nang dang giao dich BDS tai HCM va lan can trong 3 thang gan nhat. ,"Neu anh chi can gui tin nhan SMS rao tin BDS den danh sach nay, hay lien he em nhe 0348009350. Phi dich vu 100d/tin a!"
55,"Danh sach 20.000 so dt Khach Hang Tiem Nang dang giao dich BDS tai HCM va lan can trong 3 thang gan nhat, chi duy nhat ben em co! ","Neu anh chi can gui tin nhan SMS rao tin BDS den danh sach nay, hay lien he em nhe 0348009350. Phi dich vu 100d/tin a!"
56,Em co dich vu gui tin nhan SMS rao tin BDS den 20.000 so dt Khach Hang Tiem Nang dang giao dich BDS tai HCM va lan can trong 3 thang gan nhat. ,Anh chi LH em nhe: 0348009350. Em se gui tin SMS tu dong den danh sach nay de rao tin BDS cho anh chi. Phi dich vu 100d/tin a!
57,Em co 20.000 so dt Khach Hang Tiem Nang dang giao dich BDS tai HCM va lan can trong 3 thang gan nhat. ,Anh chi LH em nhe: 0348009350. Em se gui tin SMS tu dong den danh sach nay de rao tin BDS cho anh chi. Phi dich vu 100d/tin a!
58,Duy nhat ben em co Danh sach 20.000 so dt Khach Hang Tiem Nang dang giao dich BDS tai HCM va lan can trong 3 thang gan nhat. ,Anh chi LH em nhe: 0348009350. Em se gui tin SMS tu dong den danh sach nay de rao tin BDS cho anh chi. Phi dich vu 100d/tin a!
59,"Danh sach 20.000 so dt Khach Hang Tiem Nang dang giao dich BDS tai HCM va lan can trong 3 thang gan nhat, chi duy nhat ben em co! ",Anh chi LH em nhe: 0348009350. Em se gui tin SMS tu dong den danh sach nay de rao tin BDS cho anh chi. Phi dich vu 100d/tin a!
60,Em co dich vu gui tin nhan SMS rao tin BDS den 20.000 so dt Khach Hang Tiem Nang dang giao dich BDS tai HCM va lan can trong 3 thang gan nhat. ,"So dt cua em: 0348009350, khi can gui tin SMS tu dong den danh sach nay, anh chi lien he em nhe. Phi dich vu 100d/tin a!"
61,Em co 20.000 so dt Khach Hang Tiem Nang dang giao dich BDS tai HCM va lan can trong 3 thang gan nhat. ,"So dt cua em: 0348009350, khi can gui tin SMS tu dong den danh sach nay, anh chi lien he em nhe. Phi dich vu 100d/tin a!"
62,Duy nhat ben em co Danh sach 20.000 so dt Khach Hang Tiem Nang dang giao dich BDS tai HCM va lan can trong 3 thang gan nhat. ,"So dt cua em: 0348009350, khi can gui tin SMS tu dong den danh sach nay, anh chi lien he em nhe. Phi dich vu 100d/tin a!"
63,"Danh sach 20.000 so dt Khach Hang Tiem Nang dang giao dich BDS tai HCM va lan can trong 3 thang gan nhat, chi duy nhat ben em co! ","So dt cua em: 0348009350, khi can gui tin SMS tu dong den danh sach nay, anh chi lien he em nhe. Phi dich vu 100d/tin a!"
